text,label
You find a foreign coin in your pocket change.,surprise
You get a glimpse of a meteor shower lighting up the night sky.,happiness
Someone uses the last of the milk and puts the empty carton back in the fridge.,anger
You recall a missed opportunity that might have changed your life.,sadness
You're given unrealistic deadlines without prior notice.,anger
You witness someone leaving a bathroom stall with toilet paper stuck to their shoe.,disgust
"The autumn leaves fall, signaling the end of a season.",sadness
"The computer crashes, erasing hours of your unsaved work.",anger
You hear about a holiday you've never heard of before.,surprise
"While on vacation, a hotel mishap leads to you losing your booked room.",anger
You come across an old letter filled with unfulfilled dreams.,sadness
You visit a place that has the exact scent of your grandparent's home.,happiness
A childhood game brings back a rush of memories.,happiness
Your suggestions in a meeting are dismissed without consideration.,anger
You find a forgotten souvenir from a memorable trip.,happiness
You successfully complete a challenging DIY project.,happiness
A project you've invested in fails because of others' laziness.,anger
You find a shoe but can't locate its pair.,surprise
A long-awaited package arrives earlier than expected.,happiness
You discover that the hand soap in a public restroom is empty.,disgust
You get the last item on sale at your favorite store.,happiness
You find out a relative has written a book.,surprise
You find an old scarf given by someone during a winter trip.,sadness
You see a shooting star during a night out camping.,happiness
You're scuba diving and lose sight of your group.,fear
"While cleaning, you find a toy from your childhood, now broken.",sadness
You find out a close friend has an identical twin.,surprise
Your car starts sliding on an icy road.,fear
Someone breaks a promise they made to you.,anger
A tale recounts the challenges of maintaining long-distance ties.,sadness
"You're abroad, and there's sudden political unrest or a coup.",fear
You're asked to identify a suspect in a criminal lineup.,fear
You see a logo you don't recognize on a familiar brand's packaging.,surprise
The shoes from a memorable event are now worn out.,sadness
You find out someone has been reading your personal diary.,anger
A group chat consistently makes plans that exclude you.,anger
You find a bookmark in a book you bought second-hand.,surprise
You discover a poem inscribed on the inside cover of a book you've owned for years.,surprise
You witness someone tossing an apple core into a lake.,disgust
An artwork you created is admired by a passerby.,happiness
You find a forgotten ticket stub that brings back memories.,happiness
Your meal is taken from the communal fridge at work.,anger
You find a recipe on a food package that you wouldn't expect.,surprise
You're in the right place at the right time for a rare event.,happiness
You see someone not washing their hands after petting numerous animals.,disgust
You receive a message from your crush asking to spend time together.,happiness
You're on a mountain hike and see an avalanche in the distance.,fear
You're at a lake and see an alligator swimming nearby.,fear
You're lost in a maze and can't find the exit.,fear
You read a story about a soldier's hardships away from home.,sadness
You wake up to find an unknown animal in your room.,fear
"You're in a remote place, and your vehicle's tire blows out.",fear
You see a restaurant employee handling money and then touching food without washing hands.,disgust
A piece of jewelry with sentimental value goes missing.,sadness
You find out your email has been sending spam to all your contacts.,fear
You listen to a podcast or read a story that resonates deeply.,happiness
You smell an overwhelming odor of decay while walking down the street.,disgust
You find someone mocking your personal tastes.,anger
You hear about the end of an era that meant a lot to you.,sadness
You witness a car accident happen right in front of you.,fear
You receive a package with no return address.,surprise
A friend constantly borrows money but never pays back.,anger
You hear someone loudly belching at a family gathering.,disgust
You find a forgotten toy from childhood in a dusty corner.,sadness
You notice a window in a building you thought had none.,surprise
You find out a group activity was organized without your knowledge.,anger
Your brakes fail while you're driving downhill.,fear
You stumble upon a street fair you didn't know was happening.,surprise
You come across an old article or blog post that mentions you.,surprise
You discover a strong smell of ammonia in a restroom.,disgust
A once-bustling store in your neighborhood shuts down.,sadness
You see someone wiping their greasy hands on a curtain.,disgust
The book you're reading has a character facing the loss of their parent.,sadness
You find out your child has been communicating with a stranger online.,fear
"You find a rotting, forgotten packed lunch in a work refrigerator.",disgust
"You discover a secret, scenic spot in your city.",happiness
A documentary highlights the challenges faced by refugees.,sadness
Someone keeps taking your reserved parking spot.,anger
You come across an unfamiliar constellation in the night sky.,surprise
"You're on a plane, and the oxygen masks drop.",fear
An old phone has messages from those who've since drifted apart.,sadness
A piece of artwork in a gallery speaks to you deeply.,happiness
You receive an anonymous threatening letter.,fear
You discover a pile of discarded food wrappers and bottles in a nature reserve.,disgust
You're on a ladder and it starts to wobble.,fear
"The corner store, with your favorite candy, has new ownership.",sadness
You discover rust and algae in a pet's water dish.,disgust
You witness the aftermath of a forest affected by wildfire.,sadness
An artist depicts the loneliness of urban life.,sadness
The candy store where you got treats as a kid is shut.,sadness
"You're on an elevator, and it abruptly stops between floors.",fear
You notice someone loudly chewing with their mouth open during a meeting.,disgust
You find expired and discolored condiments in a fridge.,disgust
A movie scene depicts a parent-child relationship that tugs at your heart.,sadness
"You find an old, forgotten candy stash.",happiness
You see someone scratching their foot and then touching communal objects.,disgust
You find an old trophy recalling a bittersweet victory.,sadness
You unexpectedly hear a song that reminds you of home.,happiness
You discover a movie scene that you swear wasn't there the last time you watched it.,surprise
You see someone taking a dip in a public fountain.,disgust
You're left waiting for hours without an explanation.,anger
A favorite local store closes down after decades of service.,sadness
Your pet suddenly starts behaving aggressively.,fear
You receive unexpected support for a cause you're passionate about.,happiness
You witness someone removing their shoes and airing their feet in a crowded bus.,disgust
You find leftover food splattered inside a microwave.,disgust
You're in a store and hear someone shout 'Fire!',fear
You discover that a package you've been waiting for was delivered to the wrong address.,anger
"You discover old, crusty food stuck to a menu in a restaurant.",disgust
Someone leaves a communal space in chaos after using it.,anger
You find a pair of socks in your drawer that you don't remember buying.,surprise
You find an extra chapter at the end of a book you've read multiple times.,surprise
You find a hair in your soup.,disgust
You discover someone has thrown out items you were saving.,anger
"A new cafe in town serves your favorite, hard-to-find dish.",happiness
You find out a friend has been making plans without including you.,anger
You notice a new vending machine in a familiar building.,surprise
You find spoiled yogurt that has separated into liquid and lumps.,disgust
You discover your office building has a rooftop you never knew was accessible.,surprise
You notice a QR code in an unexpected place.,surprise
"During a group outing, one person constantly changes the plans.",anger
Someone frequently spoils movies or books for you.,anger
You hear mysterious scratching sounds from inside your walls.,fear
You find moldy bread being sold at a grocery store.,disgust
You receive a passive-aggressive message about a minor oversight.,anger
Your partner drives recklessly during an argument.,fear
"You find a childhood drawing book, its pages yellowing.",sadness
You make someone's day with a simple act of kindness.,happiness
You hear children laughing and playing outside.,happiness
You stumble upon a public WiFi network with a strange name.,surprise
You're told you need to undergo an emergency medical procedure.,fear
You come across a venomous creature while outdoors.,fear
"You finish a task ahead of time, leaving room for relaxation.",happiness
A teammate doesn't contribute equally to a collaborative task.,anger
You see a license plate that spells out a word or phrase.,surprise
You discover your neighbor's trash spilling onto your property.,disgust
A coworker constantly takes your office supplies without asking.,anger
You notice a rooftop garden on a building you pass every day.,surprise
You witness someone blowing their nose into a cloth napkin at a restaurant.,disgust
You find your front door ajar after coming back from a walk.,fear
The sound of a distant piano recalls a talent never pursued.,sadness
"Rain pours, canceling an event you were looking forward to.",sadness
You're given a task without the necessary resources to complete it.,anger
You learn that a project you worked on was claimed by another team member.,anger
You discover a folder of old photos on your computer.,surprise
You attend an event and unexpectedly meet someone you admire.,happiness
"You learn that an old tree in your area, around for generations, was cut.",sadness
You remember a forgotten promise someone made to you.,sadness
You discover rancid butter in your fridge.,disgust
You notice someone scratching their feet while eating.,disgust
You find a filthy sponge in a kitchen sink.,disgust
Your message is seen but not replied to.,sadness
You're in a new city and sense you're in an unsafe neighborhood.,fear
You can't find your passport while traveling internationally.,fear
You discover an unattended bag in a public place.,fear
Your car breaks down on a deserted road.,fear
"During a conference, your reserved seat is taken by someone else.",anger
You're in a remote area and hear distressing animal cries.,fear
"You've been on hold with customer service for over an hour, and they disconnect.",anger
Your privacy settings are altered without your knowledge.,anger
You notice someone has anonymously cleaned up a local park.,surprise
"You find out that a nearby factory had an explosion, releasing harmful chemicals.",fear
You get invited to an event you've been wanting to attend.,happiness
You think about times when things didn't go as planned.,sadness
You find a used tissue in the pocket of a borrowed jacket.,disgust
You feel genuinely appreciated and valued in a group.,happiness
You hear news of a missing person last seen in your area.,fear
You find a suspicious lump during a routine health check.,fear
A long-awaited sequel to your favorite book is announced.,happiness
You're alone in a building and hear footsteps on an upper floor.,fear
You see a pet owner allowing their dog to lick the plates in a dishwasher.,disgust
You witness someone swatting flies and then continuing to cook without washing hands.,disgust
"A coworker microwaves fish in the office, leaving a lingering smell.",anger
You're informed that someone has filed a lawsuit against you.,fear
You get a message from a childhood friend after years of no contact.,happiness
You're in a theater and someone shouts about a dangerous situation.,fear
A group fails to clean up after using a public area.,anger
Someone interrupts you every time you try to speak in a group setting.,anger
Your message to a close friend remains unread for weeks.,sadness
You run into a dear friend in an unexpected place.,happiness
You discover a hidden compartment in your car.,surprise
You hear a slang term you've never heard before.,surprise
You notice a wilted bouquet of flowers left on a park bench.,sadness
Your saved game data is deleted accidentally by a friend.,anger
"You see a playground, once lively, now abandoned.",sadness
Your computer crashes and you haven't backed up important work.,fear
A game of charades leaves everyone in splits of laughter.,happiness
"You help someone, and they pay it forward in the community.",happiness
You discover your watch has a feature you never knew about.,surprise
An old video game recalls late nights with friends who've moved away.,sadness
You find out a movie you thought was fictional is based on a true story.,surprise
The neighbor plays loud music late into the night.,anger
You see a car that looks exactly like yours in the parking lot.,surprise
You see a trail of ants leading to a pile of rotten food.,disgust
The home where your grandparents lived is now another business.,sadness
Someone holds the elevator for you when you're running late.,happiness
You see a family allowing their children to run wild and make a mess in a store.,disgust
You find an old journal detailing happy moments.,happiness
You hear an announcement for a flight to a destination you've never heard of.,surprise
You're not given the resources you were promised for a task.,anger
"While parking, someone takes the spot you'd been waiting for.",anger
A friend's message mentions they're going through a tough breakup.,sadness
You see someone being attacked in a secluded area.,fear
A car speeds toward you while you're crossing the street.,fear
You're constantly being compared unfavorably to someone else.,anger
You smell spoiled fish at a market.,disgust
Someone intentionally omits you from an email chain.,anger
You stumble upon a free workshop you've been interested in.,happiness
"You're in a car, and the driver starts swerving and driving erratically.",fear
Your attempt to revive a dying tradition doesn't receive support.,sadness
Someone carelessly spills a drink on your paperwork.,anger
You see someone coughing and touching communal items without sanitizing their hands.,disgust
"A long line you're in suddenly opens up, and you're served quickly.",happiness
You discover that a friend has changed their name.,surprise
You're babysitting and can't find the child you're supposed to be watching.,fear
You find out someone has been using your subscription services without asking.,anger
You find an old puzzle with a missing piece.,sadness
You notice someone clipping their toenails on a park bench.,disgust
You see a pet owner not picking up after their dog in a public park.,disgust
You discover old food containers under a teenager's bed.,disgust
A handwritten postcard arrives from a distant country.,happiness
The waiter brings out the wrong meal order after a long wait.,anger
You find a discarded needle in a playground.,disgust
Your favorite author announces a surprise book signing in your city.,happiness
You're told you've been exposed to a highly contagious disease.,fear
A friend recalls a hilarious memory you shared together.,happiness
You witness a child licking food items and putting them back on a store shelf.,disgust
You're in an elevator and it suddenly jolts and stops.,fear
"You revisit a vacation spot, only to find it commercialized.",sadness
You stumble upon an active online forum about a canceled TV show.,surprise
"Your advice is blatantly ignored, leading to a predictable problem.",anger
Your shared resources are depleted without your knowledge.,anger
You stumble upon a forgotten garden or cemetery.,surprise
You're at an event when someone has a severe allergic reaction.,fear
An old machine or gadget you thought was broken starts working again.,happiness
"You're in a car, and a nearby vehicle starts to drift into your lane.",fear
You realize a small store you never paid attention to has closed down.,surprise
You learn that an item you bought is now a collector's piece.,happiness
"You see a lone shoe on the road, reminiscent of an accident.",sadness
You find a stray dog waiting at the same spot for days.,sadness
A movie showcases the challenges faced by a child in foster care.,sadness
An old neighbor remembers your name after many years.,happiness
You see a person drop food on the floor and continue to eat it.,disgust
An item you thought was lost forever is found by a kind stranger.,happiness
You nail a presentation or performance you were nervous about.,happiness
"You witness someone throwing food to seagulls, causing a frenzy.",disgust
A heartfelt letter you sent never received a response.,sadness
You discover someone took the last slice of your favorite cake without asking.,anger
An item you ordered online arrives in a damaged condition.,anger
A familiar tune recalls moments of saying goodbye.,sadness
You come across a hidden note with an uplifting message in a bookstore.,happiness
You find an unsent letter in an old book.,sadness
Someone makes fun of something you're passionate about.,anger
"A vintage car, just like your first one, stands rusting on a lot.",sadness
You notice a strong smell of urine in an elevator.,disgust
An old friend's number is no longer in service.,sadness
You receive an evacuation notice due to a chemical spill.,fear
"You discover a pile of burned, unidentifiable trash.",disgust
A song comes up on your playlist that you don't remember adding.,surprise
You see a child dropping their ice cream and looking around in dismay.,sadness
You're not invited to a gathering of peers.,anger
You hear a ringtone you haven't heard in years.,surprise
Your ideas are stolen and presented without giving you credit.,anger
A place that was once lively is now silent.,sadness
You see someone popping a pimple in a car mirror in a parking lot.,disgust
A missed call from someone you've been avoiding talking to.,sadness
Your order from an online store arrives late and is damaged.,anger
"You hear loud, unexplained noises coming from your basement or attic.",fear
You see a dog relieve itself in a children's playground.,disgust
You're cycling and your brakes malfunction.,fear
You get the chance to adopt a pet you've been wanting.,happiness
You find a spoiled meat product still being sold at a grocery store.,disgust
You discover a drawer in your desk you never noticed before.,surprise
You overhear someone making a derogatory comment about your hometown.,anger
You see a restaurant worker smoking right next to the 'no smoking' sign.,disgust
A festival song recalls memories of someone not present.,sadness
You lose sight of your child at the beach.,fear
You witness a shopper opening and sampling food in a grocery store before buying.,disgust
You notice that your school's website has updated its UI.,surprise
A favorite artwork is no longer on display at the museum.,sadness
You discover that you've inspired someone to take a positive action.,happiness
You find a cafe that makes your favorite childhood dessert.,happiness
"The necklace, a family heirloom, goes missing.",sadness
You hear an explosion in the distance.,fear
"You pass by the house where you grew up, and it's changed dramatically.",sadness
You find a fly in your drink.,disgust
You hear about the struggles of farmers during a drought.,sadness
A poem speaks of fleeting time and missed opportunities.,sadness
You come across a curio that's lost its sheen.,sadness
The vacation ends and it's time to go back to regular life.,sadness
You receive a surprise package in the mail with no return address.,happiness
"You're in a building when the fire alarm goes off, and you smell smoke.",fear
You receive a text saying your bank account has been compromised.,fear
You receive news that a friend has gone missing.,fear
A carnival doesn't have the ride you once loved.,sadness
You receive a bouquet from an anonymous admirer.,happiness
Someone comments negatively on something you hold dear.,anger
You discover that your phone camera has a setting you've never seen before.,surprise
You discover an unfamiliar icon on your computer’s taskbar.,surprise
You notice a server adjusting their clothing or scratching themselves before handling food.,disgust
You realize your parachute isn't opening while skydiving.,fear
You hear someone chewing loudly with their mouth open.,disgust
You notice an empty chair at a family gathering.,sadness
"A close friend cancels plans at the very last moment, repeatedly.",anger
You find someone's dirty laundry left in a public washing machine.,disgust
"The bakery adds an extra cookie to your order, just because.",happiness
Your new item breaks just after the return period ends.,anger
You notice a sign has been changed or replaced on your daily route.,surprise
You receive an email threatening to expose personal information unless you pay.,fear
You find out a restaurant reuses its disposable utensils.,disgust
A long queue you're standing in suddenly moves faster.,happiness
You witness a random act of kindness in public.,happiness
A favorite character in a show doesn't get a happy ending.,sadness
A swarm of bees starts flying toward you.,fear
You experience a culture's festival or celebration for the first time.,happiness
A colorful balloon floats past your window on a windy day.,happiness
You're frequently overlooked for opportunities without explanation.,anger
The ice cream shop with your favorite flavor shuts down.,sadness
"Someone doesn't respect your time, constantly rescheduling appointments.",anger
You realize a contact has changed their phone number without informing you.,surprise
"You receive a call from an unknown number, and it turns out to be a wrong number looking for someone with your name.",surprise
You find an empty bottle of a fragrance someone used to wear.,sadness
You find animal hair in a dish at a restaurant.,disgust
You can't find a childhood book that meant a lot to you.,sadness
You notice that a clock you often look at has stopped.,surprise
A stranger plays a song on the piano that brings back warm memories.,happiness
You notice a piece of art in a friend's home that you never realized was there.,surprise
Someone frequently changes plans without notifying you.,anger
A stray animal looks longingly through a cafe window.,sadness
You discover a tunnel in a hillside during a hike.,surprise
You're on public transit when it suddenly goes dark and stops.,fear
"You take a chance, and it leads to unexpected opportunities.",happiness
You find a ticket stub from an event you don't remember attending.,surprise
You hear someone loudly slurping their soup at a formal event.,disgust
You find a vintage item that recalls simpler times.,happiness
You hear about a terror attack near your current location.,fear
"You pass by your old school, and it's in disrepair.",sadness
You learn a new skill or hobby that you're surprisingly good at.,happiness
You find out someone you met recently has a criminal record.,fear
You see someone pick their nose and eat it.,disgust
You witness a violent act against someone in public.,fear
You receive a handwritten letter in the mail from a friend.,happiness
You find a strange device under your car.,fear
A family recipe turns out just like how you remembered it.,happiness
You see someone taking their shoes and socks off during a flight.,disgust
You witness a large object falling from the sky.,fear
You see someone changing a baby's diaper on a restaurant table.,disgust
Your freshly washed car gets splattered with mud by a passing vehicle.,anger
A coworker loudly chews gum during a quiet meeting.,anger
You notice someone scratching their armpit and sniffing their fingers.,disgust
You're on public transit and someone starts acting erratically.,fear
You hear your favorite tune playing from a distant radio.,happiness
A movie portrays the struggle of love at a wrong time.,sadness
You find out someone is talking behind your back.,anger
You notice a building has an extra floor you never realized.,surprise
You find out a close friend or family member is very sick.,fear
You notice a piece of graffiti that wasn't there the day before.,surprise
A visitor leaves trash around your home.,anger
You find animal feces on a walking trail.,disgust
You find grime and soap scum in a supposedly clean hotel shower.,disgust
You find a patch of different-colored grass in a field.,surprise
Someone donates to a cause that's close to your heart.,happiness
You lose a piece of jewelry that had sentimental value.,sadness
You receive an unexpected token of appreciation.,happiness
Your feedback is constantly ignored or dismissed.,anger
You witness someone using excessive perfume or cologne in a confined space.,disgust
You accidentally send a sensitive text to the wrong person.,fear
You find an old phone with messages you don't remember.,surprise
You find a newspaper clipping about someone with your exact name.,surprise
Someone constantly uses your work desk and leaves it messy.,anger
You receive an unfair grade on a project you worked hard on.,anger
You notice someone leaving a dirty diaper in a parking lot.,disgust
Your trust is betrayed by someone you confided in.,anger
You can't find the location of a cherished childhood hideout.,sadness
A musician sings about the pain of unrequited love.,sadness
"An old watch, a family heirloom, stops ticking.",sadness
You witness someone using their phone in a restroom stall and then proceeding to eat without washing hands.,disgust
You see a familiar face in the crowd but can't place where you know them from.,surprise
A cherished childhood spot is replaced by modern buildings.,sadness
Someone habitually leaves common areas messy after using them.,anger
A project you've poured your heart into receives unfavorable feedback.,sadness
You witness a worker sweeping dirt under the rug instead of cleaning it up.,disgust
"You're at a social gathering, and someone pulls out a weapon.",fear
You hear sirens and realize they're coming toward your location.,fear
An annual event isn't the same due to the absence of a loved one.,sadness
Your phone suggests a contact you don't recognize.,surprise
You find a dirty band-aid in a public pool.,disgust
Your space in a shared living area is used without your permission.,anger
Someone parks their car blocking your driveway.,anger
You see a large group of people running toward you in panic.,fear
A board game reminds you of nights with old friends.,sadness
A movie portrays the struggle of saying goodbye.,sadness
The plumber you hired doesn't show up and doesn't inform you in advance.,anger
You encounter a bear while camping in the woods.,fear
Your GPS takes you through a route you never knew existed.,surprise
"Your vehicle is almost out of fuel, and the next station is far away.",fear
You bake something that turns out to be a hit at a gathering.,happiness
Your food  order arrives late and cold.,anger
You smell rotten eggs emanating from a nearby drain.,disgust
You discover that a nearby park offers free concerts.,happiness
You witness someone blowing their nose and checking the tissue in public.,disgust
You witness a person putting their bare feet up on a table in a public area.,disgust
You find out a movie you like was based on a true story you've never heard.,surprise
You accidentally break a cherished gift from a friend.,sadness
You have an entire day with no obligations or responsibilities.,happiness
You're constantly being sidelined in team activities.,anger
You find a dirty diaper abandoned on a beach.,disgust
You get an unexpected day off from work or school.,happiness
You see someone wiping their mouth with their sleeve at a formal event.,disgust
A long-awaited rain brings a cool breeze during a hot day.,happiness
You witness people digging through a buffet with their hands.,disgust
You find a stone with an unusual natural pattern during a walk.,surprise
You find a coupon for a store you don't remember visiting.,surprise
You notice that the days are getting longer after a dark winter.,happiness
You hear a song about places and faces that have changed.,sadness
You successfully make a dish from a recipe you thought was too challenging.,happiness
You discover someone has the same tattoo as you.,surprise
You get a positive and unexpected message on social media.,happiness
You're on an escalator and it suddenly starts moving too fast.,fear
You're left out of a decision-making process.,anger
You notice a bridge or overpass you've never seen before.,surprise
A person consistently forgets important details about your life.,anger
You hear whispers and find no one when you go to investigate.,fear
An old swing set creaks with the weight of memories.,sadness
You discover smudges and fingerprints on a glass tabletop.,disgust
"You're not informed about a change in plans, leading to inconvenience.",anger
You overhear a child asking why their friend doesn't play with them anymore.,sadness
"A child gives you a drawing they made, and you're the centerpiece.",happiness
You witness a hit-and-run accident and the driver notices you.,fear
The park bench where you used to sit is now broken.,sadness
You witness someone sneeze without covering their mouth.,disgust
You see someone fall into a fast-flowing river.,fear
You're near a dam or levee when you hear it might burst.,fear
You find an old photograph of close friends you've lost touch with.,sadness
Your pet runs off and is nowhere to be found.,fear
"A letter arrives, detailing the hardships faced by a friend overseas.",sadness
You're notified of unauthorized transactions on your credit card.,fear
You hear someone mention the name of a planet you've never heard of.,surprise
"After a long day, you find your reserved ride-sharing trip was canceled without notice.",anger
You discover your computer keyboard has special characters you never noticed.,surprise
You get the best seat in the house at a show or event.,happiness
"You find a discarded letter on the street, filled with regrets.",sadness
You're outside and hear the sound of rapidly approaching fire.,fear
You see someone using their sleeve to wipe their runny nose.,disgust
You find a food item in your pantry that you don't remember buying.,surprise
You see someone leaving a public restroom without washing their hands.,disgust
You find spoiled milk in your coffee after taking a sip.,disgust
"You're on a roller coaster, and it malfunctions.",fear
You visit a place that's even better than the photos.,happiness
You realize you've left a potentially dangerous item within a child's reach.,fear
You find money you didn't know you had in an old purse or wallet.,happiness
You realize you've left an appliance on at home.,fear
You notice a colleague wearing a band shirt you never thought they'd like.,surprise
An elderly person reminisces about the joys of their younger days.,sadness
You lend someone your tool and it's returned in worse condition.,anger
Your phone dies while you're in an unfamiliar and remote area.,fear
You discover your sibling has been snooping around your personal belongings.,anger
You receive news of sudden layoffs at your workplace.,fear
You notice someone reusing dirty dishes without washing them.,disgust
A meal tastes exactly like how a loved one used to make it.,happiness
A surprise visit from someone you missed lifts your spirits.,happiness
You find stained and unwashed linens in a rented accommodation.,disgust
A swarm of locusts descends on your garden.,fear
"A large, unleashed dog starts running toward you.",fear
"Someone consistently spells your name wrong, despite corrections.",anger
A friend repeatedly borrows money but never pays back.,anger
A person habitually uses your belongings without permission.,anger
You notice someone re-wearing sweaty gym clothes.,disgust
The vending machine malfunctions and doesn't give you your snack.,anger
You realize that a childhood haunt is no longer recognizable.,sadness
"Your favorite movie is playing on TV, and it's just starting.",happiness
You find unflushed waste in a public toilet.,disgust
You're spoken over during an important meeting.,anger
You stumble upon a shortcut on your regular walking route.,surprise
You stumble upon a channel on TV that you never knew existed.,surprise
Your contribution is edited out without prior consultation.,anger
You're not invited to a gathering that all your friends are attending.,anger
You get lost in a foreign country where you don't speak the language.,fear
You find an old newspaper with a headline about an event you don't remember.,surprise
You find yourself in a confined space and can't get out immediately.,fear
"A family photo album has many pictures, but few recent ones.",sadness
You hear the soft strumming of a guitar while walking in the evening.,happiness
You find an old container of takeout food that has grown mold.,disgust
Your valuable item goes missing at a friend's gathering.,anger
A landmark you remember fondly is overshadowed by new constructions.,sadness
Your favorite artist releases a new track.,happiness
You find a dried flower from a memorable date.,sadness
You're swimming in the ocean and feel something brush against your leg.,fear
You find chewed gum under a public table.,disgust
A quote you read speaks about the transient nature of life.,sadness
You hear your name being called in a crowded place but don't see anyone you know.,surprise
You read of a historical place being demolished for a mall.,sadness
You discover an empty folder on your computer.,surprise
You hear a co-worker's voice on a podcast you randomly chose.,surprise
You're assigned extra work on a weekend due to someone else's mistakes.,anger
You see someone using a type of fitness equipment you've never seen before at the gym.,surprise
You discover your computer has a 'Night Mode' setting.,surprise
You find an extra set of keys in your drawer and can't remember what they open.,surprise
A dream brings up old feelings you thought were settled.,sadness
Your special dietary needs are ignored at a group dinner.,anger
You get the chance to tick something off your bucket list.,happiness
You discover your friend's pet knows an unexpected trick.,surprise
Someone brings up an embarrassing past event in front of new acquaintances.,anger
You find a cockroach in a pot in your kitchen cupboard.,disgust
You find someone's discarded cigarette butts in your garden.,disgust
A movie ends with the main character saying goodbye.,sadness
You have a medical emergency while alone at home.,fear
You get a call claiming a family member has been kidnapped.,fear
You notice a tree has been cut down on your street.,surprise
A piece of trivia you know wins a game for your team.,happiness
The special event you've been waiting for gets abruptly canceled.,sadness
You stumble upon a street performer using an unfamiliar instrument.,surprise
An old message reflects hopes that didn't come to fruition.,sadness
You hear about the demise of a childhood icon.,sadness
You witness a parent allowing their child to run around a restaurant without shoes.,disgust
You attend a gathering and feel a deep sense of belonging.,happiness
You overhear a child asking about something you too once questioned.,sadness
You wake up to the sound of breaking glass.,fear
You discover your food delivery has been tampered with.,disgust
A pond you used to visit is drying up.,sadness
Someone doesn't respect your personal boundaries.,anger
A person talks loudly on their phone in a quiet environment.,anger
An old diary entry recalls goals you had set but never achieved.,sadness
You remember the anniversary of a challenging event.,sadness
You hear your name whispered when you're alone.,fear
A friend reveals a personal secret you confided in them.,anger
You find an old list of goals you don't remember writing.,surprise
A family recipe doesn't taste the same without its original cook.,sadness
You see a pet owner not picking up after their dog in a public park.,disgust
A sculpture reminds you of someone's unfulfilled dream.,sadness
"During a cloudy day, a rainbow suddenly appears.",happiness
You find mold growing on your food in the fridge.,disgust
You hear of a distant relative facing health challenges.,sadness
You find out a coworker has a twin you never knew about.,surprise
You receive a promotional email from a company you never interacted with.,surprise
Someone surprises you by remembering a small detail about your life.,happiness
You hear an airplane overhead but can't see it.,surprise
You find a cozy nook in a crowded place.,happiness
You witness someone urinating in public.,disgust
You discover a strangely shaped vegetable or fruit at the grocery store.,surprise
You dance like no one's watching and feel liberated.,happiness
You hear someone passing gas loudly in a public setting.,disgust
You notice a billboard has changed its advertisement overnight.,surprise
Your reservation at a place is not honored.,anger
A squirrel performs acrobatics in the trees outside your window.,happiness
You find a rotten piece of fruit hidden at the back of a shelf.,disgust
You see a child's eyes light up with understanding.,happiness
You find a tree with carvings that look ancient.,surprise
A stranger returns your dropped wallet with everything intact.,happiness
You find someone's used chewing gum stuck to your shoe.,disgust
You're told last minute that you need to work over the weekend.,anger
Your pet exhibits a behavior you've never seen before.,surprise
You witness someone tossing trash out of a car window.,disgust
You discover an accessory in your wardrobe that you can't remember buying.,surprise
You walk into a spider web in a dark area and can't see what kind of spider it is.,fear
You're at the zoo and hear that an animal has escaped its enclosure.,fear
The wildflowers bloom in abundance after a long drought.,happiness
You hear someone clearing their throat phlegm loudly in a library.,disgust
Someone continually leaves their belongings on your workspace.,anger
A memento from a trip breaks unexpectedly.,sadness
You read a news article about a dangerous criminal active in your area.,fear
Your favorite author replies to your letter or message.,happiness
A once favorite internet forum is now inactive.,sadness
You hear an automated announcement in a language you didn't expect.,surprise
Your mail is opened by someone else without your consent.,anger
You find a coin from a country you've never visited.,surprise
You discover a celebrity follows you on social media.,surprise
You're ignored during a group discussion.,anger
You find a worm in your apple.,disgust
You find a note in an old coat pocket with a message you can't remember writing.,surprise
You discover an odd stain on a shirt you haven't worn in a while.,surprise
A childhood friend's home stands empty and for sale.,sadness
A cherished event is cancelled without explanation.,sadness
A melody you hear speaks of lost love.,sadness
You discover a button under your desk or table.,surprise
You're in a building when the security system unexpectedly locks down.,fear
You notice a family member has changed their hairstyle without saying anything.,surprise
You hear an unfamiliar bird call in the morning.,surprise
You see elders sharing stories with the younger generation.,happiness
You're alone in an unfamiliar place and your phone battery dies.,fear
You're accused of not doing a chore that wasn't your responsibility.,anger
Your freshly washed floor has muddy footprints from someone's shoes.,anger
A once vibrant tree in your neighborhood is now being cut down.,sadness
You find an old map with unfamiliar place names.,surprise
You come home to find your pet seriously ill.,fear
You're caught outside during a lightning storm.,fear
You see an animal you can't identify.,surprise
You discover rancid meat in a friend's fridge.,disgust
You find old chewing gum stuck to the underside of a desk.,disgust
You discover a leaky bag of garbage in the trunk of your car.,disgust
You witness someone picking up food from a trash can and eating it.,disgust
You come across a fading photograph from years ago.,sadness
You find a creepy doll or object in your home that you didn't place there.,fear
You find out a colleague has been spreading untrue rumors about you at work.,anger
You find a remote control but can't figure out what device it belongs to.,surprise
"You're gifted a plant, and it starts thriving under your care.",happiness
You see a couple that reminds you of a past relationship.,sadness
You see someone licking their fingers while reading a library book.,disgust
You hear about an old teacher who's now retired and lives alone.,sadness
"You discover a neglected, algae-filled swimming pool.",disgust
You find evidence of a break-in at your home.,fear
You notice a server using the same rag for wiping tables and cleaning dishes.,disgust
You see a squirrel doing something peculiar and unexpected.,surprise
You stumble upon an old letter from someone who's no longer in your life.,sadness
You witness someone rinsing their mouth and spitting in a public sink.,disgust
An old note recounts challenges you faced during a low phase.,sadness
You come across a charming street performer during a walk.,happiness
"You're on a boat, and it starts taking on water.",fear
You get the best news after a long wait.,happiness
You come across a view that takes your breath away.,happiness
"While cleaning, you find a forgotten toy from your youth.",happiness
You notice someone has the same phone case as you.,surprise
The sound of a train recalls journeys you never took.,sadness
You discover an unfamiliar function on your microwave.,surprise
You find used dental floss in a public area.,disgust
You find an extra button on your remote control.,surprise
You receive a notification that your credit score has plummeted unexpectedly.,fear
You realize a book you are reading has a chapter missing.,surprise
You're in a public restroom and someone tries to break into your stall.,fear
You see an item from your childhood in an antique store.,surprise
You see someone sticking their finger into a communal food dish to taste it.,disgust
You discover your phone has a 'Do Not Disturb' mode you never used.,surprise
Your roommate borrows your clothes without permission and ruins them.,anger
You see the first snowflake of the season gently falling.,happiness
You hear a friend speak fluently in a language you didn't know they knew.,surprise
You find food particles in the pages of a library book.,disgust
You notice a bricked-up door on a building you pass regularly.,surprise
A problem that's been on your mind gets resolved in the best way.,happiness
Someone spits on the sidewalk right in front of you.,disgust
"A song starts playing, and it fits your mood perfectly.",happiness
You discover a scratch on your new car in the parking lot.,anger
You see a shooting star for the first time.,happiness
You realize your water supply is contaminated.,fear
You experience a moment of serendipity.,happiness
You notice your personal information has been leaked online.,fear
You find a yearbook and don't recognize several people in it.,surprise
You create something you're proud of.,happiness
A package meant for you is carelessly damaged by the delivery person.,anger
You discover a beautiful and peaceful spot during a hike.,happiness
"Someone neglects their responsibilities, leaving them for you.",anger
You're stuck in traffic because of an avoidable roadblock.,anger
You accidentally ingest something you're allergic to.,fear
You notice someone dripping sweat onto communal gym equipment.,disgust
You hear an old song being played in a new commercial.,surprise
A theater you loved going to is closed.,sadness
You realize your safety gear is faulty while doing a high-risk activity.,fear
A project you initiated sparks positive change in your community.,happiness
You find out your friend can play a musical instrument you never knew they played.,surprise
"While on a walk, you stumble upon a serene hidden garden.",happiness
You hear a mysterious noise late at night but find no explanation for it.,surprise
You hear a loud bang while home alone.,fear
A peer belittles your achievements.,anger
You discover your smart TV can browse the internet.,surprise
Your train or subway car stops in a tunnel for an extended period.,fear
Someone is patronizing towards you in a discussion.,anger
A sports team you supported passionately faces continuous defeats.,sadness
You find an open container of smelly leftovers in a shared refrigerator.,disgust
You find out a small local museum has an exhibit from a famous artist.,surprise
You can't recreate a cherished memory no matter how hard you try.,sadness
A familiar storefront is boarded up.,sadness
A puppy runs up to you during your morning walk.,happiness
You hear a new ringtone on your phone.,surprise
"Someone habitually arrives late, making everyone wait.",anger
You overhear someone talking about the struggles of aging.,sadness
You overhear someone talking about the challenges of battling an illness.,sadness
You find multiple items with bite marks at a grocery store.,disgust
You see a person throwing trash out of their car window while driving.,disgust
A show you watch portrays the challenges of growing up.,sadness
"While working, a colleague loudly takes personal calls next to your desk.",anger
A piece of jewelry you thought you lost reappears in an unexpected place.,happiness
You witness someone taking a bite from multiple pieces of fruit at a store.,disgust
You're expected to work overtime without any prior notice.,anger
You're in a tall building during an earthquake.,fear
Your morning starts with your favorite breakfast.,happiness
You notice someone taking a sip from each drink at a communal beverage station.,disgust
You read about children in war-torn areas missing out on education.,sadness
You're in a large crowd when someone faints or collapses.,fear
You receive criticism for a task you weren't trained for.,anger
Someone uses your favorite mug at the office and then leaves it dirty.,anger
You come across an empty bench with a dedication plaque.,sadness
Your child climbs a tree and can't get down.,fear
You witness someone wiping their nose with their hand.,disgust
You discover your TV has a setting you never knew about.,surprise
Someone consistently mispronounces your name despite corrections.,anger
You find out someone has taken out a restraining order against you.,fear
You receive an email from a mailing list you don’t remember subscribing to.,surprise
You hear about the decline of a species you once studied.,sadness
Your neighbor warns you of recent burglaries in your area.,fear
You witness someone spitting into a garden.,disgust
You see a parent teaching their child to ride a bike.,happiness
You spot a family of ducks crossing the road.,happiness
You hear laughter echoing from a nearby playground.,happiness
You find cobwebs and dead insects in a corner of your living space.,disgust
You find out you're going to be a mentor or role model to someone.,happiness
"You find a sticky, dirty remote control in a hotel room.",disgust
You see a new logo on a familiar product at the store.,surprise
You're asked to speak in front of a large audience unexpectedly.,fear
You see your favorite animal in the wild.,happiness
"You're in a parking garage, and the lights go out.",fear
You encounter a new type of crosswalk signal in your city.,surprise
You receive an unjustly low grade with no constructive feedback.,anger
You're asked to redo a task because of unclear initial instructions.,anger
You learn about a community struggling post a natural disaster.,sadness
You notice a new button in an elevator you frequently use.,surprise
You're held accountable for decisions made during your absence.,anger
The market where you'd buy holiday gifts no longer operates.,sadness
"You walk past a house, once lively, now abandoned with overgrown grass.",sadness
You're stuck on a malfunctioning carnival ride.,fear
A song on the radio recalls a past relationship.,sadness
A friendly cat follows you during your morning jog.,happiness
A guest rearranges your home without asking.,anger
Someone borrows your book and returns it with torn pages.,anger
You come across a family photo where everyone looks different than you remember.,surprise
You notice an empty nest during springtime.,sadness
You see a vehicle with a license plate from a faraway place.,surprise
You're unfairly blamed for a mistake at work that wasn't your fault.,anger
You get a surprise call from someone just saying they were thinking of you.,happiness
You notice a strong odor of body odor on public transportation.,disgust
A recipe turns out perfectly on your first try.,happiness
You notice someone using the same hand towel to wipe the floor and then their face.,disgust
A series you love ends on a somber note.,sadness
You find out a trusted friend lied to you.,anger
You find a book in your library you don’t remember buying.,surprise
You find out a loved one was in an area recently hit by a natural disaster.,fear
The plant you've been caring for starts wilting despite your efforts.,sadness
You witness someone cutting their fingernails in a public setting.,disgust
You see a bird in your area that is not native to the region.,surprise
You have a perfect hair day without even trying.,happiness
The pond where you used to feed ducks is dried up.,sadness
The local kids leave a surprise drawing on your doorstep.,happiness
You notice a friend has quietly deleted their social media profiles.,surprise
A project you've been working on receives unexpected recognition.,happiness
You discover an old password written down but can't remember what it's for.,surprise
You find out a local pond or lake has a name you've never heard before.,surprise
You find expired medication in a family member's medicine cabinet.,disgust
You're unfairly penalized due to someone else's oversight.,anger
You notice a new mole or freckle on your skin.,surprise
You see a place that was central to a past relationship.,sadness
You notice someone sneezing without covering their mouth in a crowded elevator.,disgust
You step on something sticky in a public restroom.,disgust
"The bakery, where you had your first job, closes its doors.",sadness
You see an unusual cloud formation.,surprise
You're on a hike and realize you've lost your way back.,fear
You stumble upon a shop that exclusively sells one very specific type of product.,surprise
You find a website that allows you to view old versions of other websites.,surprise
"Your reservation at a restaurant is given away, despite being on time.",anger
You walk into your home to find a wild animal inside.,fear
You're approached by a stranger who seems aggressive.,fear
An old friend shares a memory that makes you smile.,happiness
You find out a famous person attended your high school.,surprise
You're in a crowded place and hear someone scream.,fear
You hear about the passing of your first teacher.,sadness
You discover someone's toenail clippings on a hotel room floor.,disgust
You find an unfamiliar tool in your kitchen drawer.,surprise
You witness someone wiping sweat off their brow and then shaking hands without sanitizing.,disgust
You learn that a distant friend is going through a tough time.,sadness
You're walking alone and see a group of people wearing masks.,fear
A person doesn't repay a debt and avoids you.,anger
Your flight experiences severe turbulence.,fear
You find out that someone has been using your work tools without permission.,anger
You see a child gazing longingly at toys they can't afford.,sadness
You successfully recreate a challenging art or craft project.,happiness
You're near a construction site and see equipment falling.,fear
"You're at sea, and the weather turns extremely rough.",fear
You find a public bathroom in a place where you didn't expect one.,surprise
You see someone reusing disposable items like plastic forks and straws after washing them.,disgust
You discover a hidden camera in your hotel room or Airbnb.,fear
You find rat droppings in a kitchen cabinet.,disgust
You overhear a conversation about the struggles of elder care.,sadness
"You're in a vehicle, and it gets stuck on train tracks.",fear
You see someone scratching their head excessively while preparing food.,disgust
A song plays on the radio that reminds you of a departed loved one.,sadness
You come across notes from a time you faced personal challenges.,sadness
You discover old and crusty pet food stuck to the floor.,disgust
You find an old ticket or pass but can't remember attending the event.,surprise
The spot where you made a promise is now altered.,sadness
You stumble upon a movie being filmed in your city.,surprise
You hear a tale about missed connections.,sadness
"The mailbox stands empty, even on expected days.",sadness
You get the perfect idea for a project you've been brainstorming.,happiness
You're in a forest and come across warning signs for unexploded mines.,fear
You witness someone spitting into a drinking fountain.,disgust
You've been skipped in line after waiting for a long time.,anger
You find an unfinished knitting project from a loved one.,sadness
"A café you frequented has changed its interiors, erasing old memories.",sadness
You see someone texting while using a public restroom.,disgust
You receive a summons for a court appearance you weren't expecting.,fear
You get the chance to relive a favorite childhood activity.,happiness
You notice someone eating directly from a communal food container.,disgust
You receive an invitation from a social media platform you never signed up for.,surprise
You find smelly shoes left in a shared living space.,disgust
You notice an employee you've never seen before at your regular coffee shop.,surprise
"You find a vending machine selling something unusual, like books or art supplies.",surprise
You find out you're under investigation at work.,fear
"Your plant, which seemed to be wilting, sprouts a new leaf.",happiness
You find out a coworker is related to a celebrity.,surprise
Someone keeps leaving passive-aggressive notes in the communal area.,anger
You read about the fading of an art form you appreciate.,sadness
"You're in a subway, and someone collapses onto the tracks.",fear
Your car's brakes fail while you're driving down a steep hill.,fear
You receive a message filled with good vibes from an unknown number.,happiness
You hear a genre of music being played in an unexpected place.,surprise
A group of kids include you in their playful game.,happiness
You hear your own voice in a recording and it sounds different than you expected.,surprise
You hear a loud crash in your home while you're alone.,fear
You see a worker sneeze into their hands and continue handling products.,disgust
"You find a forgotten, moldy cup of coffee on a bookshelf.",disgust
You stumble upon an art installation in an unexpected public space.,surprise
You stumble upon an old forum thread where people are discussing a conspiracy theory about a show you like.,surprise
You notice a new building on your street that you never realized was under construction.,surprise
You witness someone putting their bare feet on a table in a cafe.,disgust
You have an unplanned and delightful adventure during a trip.,happiness
You're given a task without the necessary instructions.,anger
Someone shirks their responsibilities and places the blame on others.,anger
You have a profound conversation with a stranger on a train.,happiness
You find a beverage can floating in a river while kayaking.,disgust
A surprise twist in a story or game leaves you excited.,happiness
You find an item you've been searching for at a garage sale.,happiness
You notice someone following you on multiple occasions.,fear
You're walking and suddenly realize the ground is unstable.,fear
You're in a foreign country and lose your travel group.,fear
You smell someone's bad breath from several feet away.,disgust
"You try on an outfit, and it fits perfectly.",happiness
You're informed of a gas leak in your area.,fear
You see a street with a name that has special significance for you but is otherwise ordinary.,surprise
You find an old business card and can't remember who gave it to you.,surprise
A music box you cherished no longer plays its tune.,sadness
"Your ideas are dismissed, only to be brought up later by someone else as their own.",anger
The local bakery gives you an extra pastry for free.,happiness
You discover your grocery store now carries a new type of fruit or vegetable.,surprise
"You're on a mountain, and a rockslide occurs nearby.",fear
The familiar bell chime in town no longer rings.,sadness
You receive an anonymous message threatening to reveal personal information.,fear
You find an insect in your meal at a restaurant.,disgust
The movie you've been waiting for has a major plot point revealed by a friend.,anger
"You see an old, unused well in a modern area.",surprise
You find an old USB drive with unknown contents.,surprise
You come across a wilted bouquet from a special occasion.,sadness
You're charged extra on your monthly bill without a valid reason.,anger
"Your plant, after weeks of care, still doesn’t show any signs of growth.",sadness
You witness someone throwing leftover food into the street.,disgust
"You're given incorrect directions and end up lost, making you late.",anger
You capture a perfect photo without even trying.,happiness
You witness the simple beauty of a dewdrop on a leaf.,happiness
You bond with someone over shared interests.,happiness
An old perfume brings memories of someone you miss.,sadness
You find out your phone has a voice-activated feature you were unaware of.,surprise
"A colleague constantly shows up late, delaying team progress.",anger
You wake up to a severe weather warning siren.,fear
You spot the first firefly of the summer evening.,happiness
You discover maggots in your garbage can.,disgust
A song recounts the challenges of staying apart.,sadness
You're home alone and the power goes out during a storm.,fear
"You're at the beach, and the lifeguard starts waving a shark warning flag.",fear
You notice a store you frequent has changed its layout overnight.,surprise
"A friend cancels plans at the last minute, for the third time in a row.",anger
You come across an old gift that's no longer functional.,sadness
A photo album shows faces of those you've lost touch with.,sadness
You receive a call saying a loved one has been hospitalized.,fear
You witness a person dumping cooking oil directly into a lake or river.,disgust
A difficult puzzle or game you've been working on finally comes together.,happiness
You witness a person licking their plate clean in a restaurant.,disgust
Someone frequently borrows your books and returns them damaged.,anger
You find an empty notebook filled with aspirations you never pursued.,sadness
A child waves at you from a school bus window.,happiness
A friend shares their challenges with mental health.,sadness
A piece of technology you struggle with starts working seamlessly.,happiness
You hear a loud noise at your window during the night.,fear
You discover a feature in your car’s manual you never knew existed.,surprise
A song lyric describes the pain of growing apart.,sadness
Your roommate eats your labeled food from the fridge.,anger
A book you've been searching for is finally in stock at the local bookstore.,happiness
You discover someone has vomited in a public staircase.,disgust
You reconnect with nature during a quiet moment.,happiness
You find an old letter you never sent.,surprise
Someone spreads false rumors about you in your community.,anger
"You're hiking and come across a large, aggressive animal.",fear
You're stuck in severe traffic with a medical emergency at hand.,fear
You find a bag of rotting vegetables at the back of your fridge.,disgust
Someone promises to meet but doesn't show up or notify.,anger
You hear someone snorting and sniffling continuously in a quiet room.,disgust
You visit a place that looks exactly like a dream you had.,happiness
You're made fun of for a genuine mistake at work.,anger
An old theater where you watched classic films is now modernized.,sadness
Someone keeps borrowing your supplies without asking.,anger
You're constantly being talked over during a discussion.,anger
You hear someone speaking a dialect you've never heard.,surprise
A surprise picnic is set up for you at a local park.,happiness
Your belongings are borrowed and returned damaged.,anger
You see someone littering in a clearly marked 'no littering' area.,disgust
You manage to capture a candid moment that makes everyone smile.,happiness
You find an old warranty for a product you still own.,surprise
You find an old journal with entries from a forgotten time in your life.,surprise
A lake where you used to fish is now polluted.,sadness
You're blamed for a decision that was made collectively.,anger
The weather is perfect for an outdoor activity you love.,happiness
You realize someone has been going through your personal belongings.,fear
You're not consulted about decisions that affect you.,anger
You discover a friend has unfriended you on social media without any explanation.,surprise
You find a threatening note left on your car windshield.,fear
You're walking on a trail and hear a growl from the bushes.,fear
You are invited to be a part of an exciting new venture.,happiness
You find a pencil with a brand name you've never heard of.,surprise
You get an unexpected bonus in your paycheck.,happiness
You find dust and grime built up in an air conditioning vent.,disgust
You find a gift from someone who's no longer in your life.,sadness
"Your phone rings, and it's an unknown number with an urgent voice message.",fear
Your suggestions are constantly brushed aside.,anger
The bookstore where you spent hours is now online only.,sadness
You master a challenging level in a game you love.,happiness
A poem describes the feeling of being forgotten.,sadness
You see a person using their cell phone while using a public restroom.,disgust
You see someone picking their teeth with a piece of straw in public.,disgust
You're regularly made to feel like an outsider in discussions.,anger
You receive a 'Severe Weather Alert' on your phone.,fear
You find out someone you know has been using a pseudonym.,surprise
A friend moves away to a different city and you realize things will never be the same.,sadness
Your favorite song comes on just as you're thinking about it.,happiness
You're not credited for a community project you contributed to.,anger
You're not acknowledged in a group project presentation.,anger
You see someone coughing over open food containers at a market.,disgust
You see someone dumping a drink onto a plant.,disgust
An artwork you see depicts a longing for home.,sadness
An old film recalls memories of someone who's no longer around.,sadness
You see someone letting their dog lick their ice cream cone.,disgust
Someone takes credit for your hard work at the office.,anger
You notice an elderly person eating alone in a restaurant.,sadness
You witness a beautiful moment between two strangers.,happiness
A person consistently fails to adhere to agreed-upon rules.,anger
You notice someone handling merchandise after sneezing into their hands.,disgust
You realize a tradition you cherished is no longer being followed.,sadness
A close person forgets an important date for you.,anger
You see someone you thought had moved away in a local grocery store.,surprise
You read a tale of lost friendship.,sadness
Your friend tries a risky stunt and gets seriously injured.,fear
You discover dirty silverware wrapped in a clean napkin at a restaurant.,disgust
A once pristine beach is now littered with trash.,sadness
The diary of a soldier talks about missing home.,sadness
A childhood spot where you used to play is now a parking lot.,sadness
You're lost in the woods and your GPS fails.,fear
You find an old ticket stub from an event that was pivotal for you.,sadness
Someone posts a picture of you online without your consent.,anger
A stranger offers to pay for your order just to spread positivity.,happiness
A kite soars majestically against a backdrop of blue sky.,happiness
You get a spontaneous applause for a job well done.,happiness
You hear about the declining health of a distant relative.,sadness
You get caught in a rip current while swimming.,fear
You find a pair of glasses that don't belong to anyone in the house.,surprise
Your child goes missing in a crowded place.,fear
A message from an old friend mentions they're moving far away.,sadness
You receive an unexpected friend request from someone you were just thinking about.,surprise
"You're in a kayak, and it starts to sink.",fear
An article speaks about the decline of something you hold dear.,sadness
A mural you admired in the city is painted over.,sadness
You witness someone snacking in bed and leaving crumbs.,disgust
You find an old key but don't know what it unlocks.,surprise
You see dirty utensils being used in a cooking demonstration.,disgust
A childhood snack isn't as delightful as you remembered.,sadness
You experience a moment of unexpected synchronicity.,happiness
You hear explicit and inappropriate conversations in a public setting.,disgust
"You find a forgotten gift, never given, gathering dust.",sadness
A person doesn't follow through on their commitments.,anger
You're caught in the middle of a violent dispute between others.,fear
You notice a shop or restaurant has subtly changed its name.,surprise
"You get a window seat on a flight, and the views are breathtaking.",happiness
You finally achieve a tricky yoga pose you've been practicing.,happiness
You watch a feel-good movie that leaves you in high spirits.,happiness
You find out a close family member has been lying to you about something serious.,fear
You're unfairly penalized for something out of your control.,anger
You're reminded of a pet that was a childhood companion.,sadness
Someone always interrupts you while you're speaking.,anger
Your shared space is occupied without your consent.,anger
You see your name in the 'Acknowledgments' section of a research paper you didn't contribute to.,surprise
A friend commits to something on your behalf without consulting you.,anger
You're on a ferry that starts to tilt dangerously.,fear
Someone always leaves the kitchen sink full of dirty dishes.,anger
You discover a fence or wall has been erected on a path you usually take.,surprise
You find out someone went through your personal diary.,anger
You find your garden trampled on after kids played without permission.,anger
You hear a familiar song sung in a different language.,surprise
You're not given a chance to speak in a debate.,anger
You visit a place of historical significance that's neglected.,sadness
A favorite piece of clothing is frayed and worn out.,sadness
You find a street musician playing your favorite song perfectly.,happiness
You're not credited in a presentation you largely worked on.,anger
Your carefully prepared presentation is rescheduled without notice.,anger
"You're in a public place, and the atmosphere suddenly turns hostile.",fear
You remember a time when someone didn't keep a promise.,sadness
Someone backtracks on an important agreement.,anger
You find a pair of perfectly fitting shoes on clearance.,happiness
You see someone using a water fountain to wash their hands.,disgust
You notice someone applying makeup using a public mirror in a restaurant.,disgust
You find a toy that reminds you of your youth and simpler times.,sadness
You discover a wad of hair clogging a shower drain.,disgust
You're told your child has been involved in a serious school incident.,fear
You find mouse droppings in your pantry.,disgust
You find sweat stains on gym equipment that hasn't been cleaned.,disgust
You come across an old diary entry that doesn’t sound like you.,surprise
A tree in your neighborhood bursts into vibrant blooms.,happiness
You're pleasantly surprised by a hidden talent of a friend.,happiness
